<?xml version="1.0" encoding="UTF-8"?>
	<workflow-app xmlns="uri:oozie:workflow:0.2" name="sq to hdfs cust">
	 <start to="sqoop-node"/>
	 <action name="sqoop-node"> <!--node name-->
	 <sqoop xmlns="uri:oozie:sqoop-action:0.2">
		 <job-tracker>${jobTracker}</job-tracker> <!--job tracking node is http://sandbox.hortonwor
		ks.com:8050 which is define in job properties-->
		 <name-node>${nameNode}</name-node> <!--name node is http://sandbox.hortonworks.com:8020 whi
		ch is defined in job properties-->
		 <prepare>
			 <delete path="${nameNode}/user/maria_dev/CS/CDW_SAPP_TRANSFER/CDW_SAPP_CUST/CUST_INFO"/>
		 </prepare>
		 <configuration>
				 <property>
					 <name>mapred.job.queue.name</name>
					 <value>${queueName}</value>
				 </property>
		 </configuration>
		 <command> job --meta-connect jdbc:hsqldb:hsql://localhost:16000/sqoop --exec cdw_cust</command>
         <archive>/user/maria_dev/CS_OOZIE_FILES/java-json.jar#java-json.jar</archive>
		 <!-- get data from mysql using sqoop a
	nd store data at /user/maria_dev/movies directory -->
	 </sqoop>
	 <ok to="hive-node-cust"/> <!-- if everything is ok then go to hive node -->
	 <error to="fail"/>
	 </action>
	<!--HIVE FILES -->

    <action name="hive-node-cust">	 
		<hive xmlns = "uri:oozie:hive-action:0.4">
			 <job-tracker>${jobTracker}</job-tracker>
			 <name-node>${nameNode}</name-node>
			  <configuration>
				 <property>
					 <name>mapred.job.queue.name</name>
					 <value>${queueName}</value>
				 </property>
		 </configuration>
			 <script>${nameNode}/user/maria_dev/CS_OOZIE_FILES/create_external_cust.hive</script>
		 </hive>
		 <ok to = "Internal-Table-cust" />
		 <error to = "fail" />
	 </action>
	 
	 <action name="Internal-Table-cust">
	 <hive xmlns = "uri:oozie:hive-action:0.4">
	 <job-tracker>${jobTracker}</job-tracker>
			 <name-node>${nameNode}</name-node>
			  <configuration>
				 <property>
					 <name>mapred.job.queue.name</name>
					 <value>${queueName}</value>
				 </property>
		 </configuration>
  <script>${nameNode}/user/maria_dev/CS_OOZIE_FILES/create_internal_cust.hql</script>
		 </hive>
		 <ok to = "end" />
		 <error to = "fail" />
	 </action>

	 <kill name="fail">
 <message>Sqoop failed, error message[${wf:errorMessage(wf:lastErrorNode())}]
 </message>
 </kill>
 <end name="end"/>
</workflow-app>