<?xml version="1.0" encoding="UTF-8"?>
	<workflow-app xmlns="uri:oozie:workflow:0.4" name="sq to hdfs">
	 <start to="sqoop-node-branch"/>
	 <action name="sqoop-node-branch"> <!--node name-->
	 <sqoop xmlns="uri:oozie:sqoop-action:0.4">
		 <job-tracker>${jobTracker}</job-tracker> <!--job tracking node is http://sandbox.hortonworks.com:8050 which is define in job properties-->
		 <name-node>${nameNode}</name-node> <!--name node is http://sandbox.hortonworks.com:8020 which is defined in job properties-->
		 <configuration>
				 <property>
					 <name>mapred.job.queue.name</name>
					 <value>${queueName}</value>
				 </property>
		 </configuration>
		 <command> job --meta-connect jdbc:hsqldb:hsql://localhost:16000/sqoop --exec cdw_opt_branch</command>
         <archive>/user/maria_dev/CS_OOZIE_FILES/java-json.jar#java-json.jar</archive>
	 </sqoop>
	 <ok to="sqoop-node-creditcard"/> 
	 <error to="fail"/>
	 </action>
<!--CREDITCARD SQOOP-->
<action name="sqoop-node-creditcard"> 
	 <sqoop xmlns="uri:oozie:sqoop-action:0.4">
		 <job-tracker>${jobTracker}</job-tracker> <!--job tracking node is http://sandbox.hortonwor
		ks.com:8050 which is define in job properties-->
		 <name-node>${nameNode}</name-node> <!--name node is http://sandbox.hortonworks.com:8020 whi
		ch is defined in job properties-->
		 <configuration>
				 <property>
					 <name>mapred.job.queue.name</name>
					 <value>${queueName}</value>
				 </property>
		 </configuration>
		 <command> job --meta-connect jdbc:hsqldb:hsql://localhost:16000/sqoop --exec cdw_opt_creditcard</command>
         <archive>/user/maria_dev/CS_OOZIE_FILES/java-json.jar#java-json.jar</archive>
		 </sqoop>
	 <ok to="sqoop-node-cust"/>
	 <error to="fail"/>
	 </action>
<!--CUSTOMER INFO-->
<action name="sqoop-node-cust"> 
	 <sqoop xmlns="uri:oozie:sqoop-action:0.4">
		 <job-tracker>${jobTracker}</job-tracker> <!--job tracking node is http://sandbox.hortonwor
		ks.com:8050 which is define in job properties-->
		 <name-node>${nameNode}</name-node> <!--name node is http://sandbox.hortonworks.com:8020 whi
		ch is defined in job properties-->
		  <configuration>
				 <property>
					 <name>mapred.job.queue.name</name>
					 <value>${queueName}</value>
				 </property>
		 </configuration>
		 <command> job --meta-connect jdbc:hsqldb:hsql://localhost:16000/sqoop --exec cdw_opt_cust</command>
         <archive>/user/maria_dev/CS_OOZIE_FILES/java-json.jar#java-json.jar</archive>
	 </sqoop>
	 <ok to="sqoop-node-time"/> 
	 <error to="fail"/>
	 </action>
<!--TIME-->
<action name="sqoop-node-time"> <!--node name-->
	 <sqoop xmlns="uri:oozie:sqoop-action:0.4">
		 <job-tracker>${jobTracker}</job-tracker> <!--job tracking node is http://sandbox.hortonwor
		ks.com:8050 which is define in job properties-->
		 <name-node>${nameNode}</name-node> <!--name node is http://sandbox.hortonworks.com:8020 whi
		ch is defined in job properties-->
		  <configuration>
				 <property>
					 <name>mapred.job.queue.name</name>
					 <value>${queueName}</value>
				 </property>
		 </configuration>
		 <command> job --meta-connect jdbc:hsqldb:hsql://localhost:16000/sqoop --exec cdw_opt_time</command>
         <archive>/user/maria_dev/CS_OOZIE_FILES/java-json.jar#java-json.jar</archive>
	 </sqoop>
	 <ok to="end"/> 
	 <error to="fail"/>
	 </action>
	
<!--END-->

	 <kill name="fail">
 <message>Sqoop failed, error message[${wf:errorMessage(wf:lastErrorNode())}]
 </message>
 </kill>
 <end name="end"/>
</workflow-app>