 <coordinator-app xmlns = "uri:oozie:coordinator:0.2" name =
 "sq_hive_branch" frequency = "0/20 12,13,14,15,16,17,18,19,20,21,22 * * 2-6" start = "2018-06-18T12:00Z" end = "2025-03-29T22:00Z" timezone = "UTC" >
 <!--SET START TIME TO CURRENT DAY BEFORE RUNNING -->
 <controls>
 <timeout>1</timeout>
 <concurrency>1</concurrency>
 <execution>FIFO</execution>
 <throttle>1</throttle>
 </controls>

 <action>
 <workflow>
 <app-path>${nameNode}/user/maria_dev/CS_OOZIE_FILES/oozie_branch.xml</app-path>
 </workflow>
 </action>
</coordinator-app>