<?xml version="1.0" encoding="UTF-8"?>
	<workflow-app xmlns="uri:oozie:workflow:0.4" name="sq to hdfs">
	 <start to="sqoop-node-branch"/>
	 <action name="sqoop-node-branch"> <!--node name-->
	 <sqoop xmlns="uri:oozie:sqoop-action:0.4">
		 <job-tracker>${jobTracker}</job-tracker> <!--job tracking node is http://sandbox.hortonworks.com:8050 which is define in job properties-->
		 <name-node>${nameNode}</name-node> <!--name node is http://sandbox.hortonworks.com:8020 which is defined in job properties-->
		 <configuration>
				 <property>
					 <name>mapred.job.queue.name</name>
					 <value>${queueName}</value>
				 </property>
		 </configuration>
		 <command> job --meta-connect jdbc:hsqldb:hsql://localhost:16000/sqoop --exec cdw_opt_branch</command>
         <archive>/user/maria_dev/CS_OOZIE_FILES/java-json.jar#java-json.jar</archive>
	 </sqoop>
	 <ok to="sqoop-node-creditcard"/>
	 <error to="fail"/>
	 </action>
<!--CREDITCARD SQOOP-->
<action name="sqoop-node-creditcard">
	 <sqoop xmlns="uri:oozie:sqoop-action:0.4">
		 <job-tracker>${jobTracker}</job-tracker> <!--job tracking node is http://sandbox.hortonwor
		ks.com:8050 which is define in job properties-->
		 <name-node>${nameNode}</name-node> <!--name node is http://sandbox.hortonworks.com:8020 whi
		ch is defined in job properties-->
		 <configuration>
				 <property>
					 <name>mapred.job.queue.name</name>
					 <value>${queueName}</value>
				 </property>
		 </configuration>
		 <command> job --meta-connect jdbc:hsqldb:hsql://localhost:16000/sqoop --exec cdw_opt_creditcard</command>
         <archive>/user/maria_dev/CS_OOZIE_FILES/java-json.jar#java-json.jar</archive>
		 </sqoop>
	 <ok to="sqoop-node-cust"/>
	 <error to="fail"/>
	 </action>
<!--CUSTOMER INFO-->
<action name="sqoop-node-cust">
	 <sqoop xmlns="uri:oozie:sqoop-action:0.4">
		 <job-tracker>${jobTracker}</job-tracker> <!--job tracking node is http://sandbox.hortonwor
		ks.com:8050 which is define in job properties-->
		 <name-node>${nameNode}</name-node> <!--name node is http://sandbox.hortonworks.com:8020 whi
		ch is defined in job properties-->
		  <configuration>
				 <property>
					 <name>mapred.job.queue.name</name>
					 <value>${queueName}</value>
				 </property>
		 </configuration>
		 <command> job --meta-connect jdbc:hsqldb:hsql://localhost:16000/sqoop --exec cdw_opt_cust</command>
         <archive>/user/maria_dev/CS_OOZIE_FILES/java-json.jar#java-json.jar</archive>
	 </sqoop>
	 <ok to="sqoop-node-time"/>
	 <error to="fail"/>
	 </action>
<!--TIME-->
<action name="sqoop-node-time"> <!--node name-->
	 <sqoop xmlns="uri:oozie:sqoop-action:0.4">
		 <job-tracker>${jobTracker}</job-tracker> <!--job tracking node is http://sandbox.hortonwor
		ks.com:8050 which is define in job properties-->
		 <name-node>${nameNode}</name-node> <!--name node is http://sandbox.hortonworks.com:8020 whi
		ch is defined in job properties-->
		  <configuration>
				 <property>
					 <name>mapred.job.queue.name</name>
					 <value>${queueName}</value>
				 </property>
		 </configuration>
		 <command> job --meta-connect jdbc:hsqldb:hsql://localhost:16000/sqoop --exec cdw_opt_time</command>
         <archive>/user/maria_dev/CS_OOZIE_FILES/java-json.jar#java-json.jar</archive>
	 </sqoop>
	 <ok to="hive-node-branch"/>
	 <error to="fail"/>
	 </action>
	 <action name="hive-node-branch">
	 <hive xmlns = "uri:oozie:hive-action:0.4">
			<job-tracker>${jobTracker}</job-tracker>
			<name-node>${nameNode}</name-node>
			 <configuration>
				<property>
					<name>mapred.job.queue.name</name>
					<value>${queueName}</value>
				</property>
		</configuration>
			<script>${nameNode}/user/maria_dev/CS_OOZIE_FILES/create_external_branch.hive</script>
		</hive>
		<ok to = "hive-node-creditcard" />
		<error to = "fail" />
	</action>
	<!--hive credit-->
<action name="hive-node-creditcard">
	 <hive xmlns = "uri:oozie:hive-action:0.4">
			<job-tracker>${jobTracker}</job-tracker>
			<name-node>${nameNode}</name-node>
			 <configuration>
				<property>
					<name>mapred.job.queue.name</name>
					<value>${queueName}</value>
				</property>
		</configuration>
			<script>${nameNode}/user/maria_dev/CS_OOZIE_FILES/create_external_creditcard.hive</script>
		</hive>
		<ok to = "hive-node-cust" />
		<error to = "fail" />
	</action>
<!--hive cust-->
<action name="hive-node-cust">
	 <hive xmlns = "uri:oozie:hive-action:0.4">
			<job-tracker>${jobTracker}</job-tracker>
			<name-node>${nameNode}</name-node>
			 <configuration>
				<property>
					<name>mapred.job.queue.name</name>
					<value>${queueName}</value>
				</property>
		</configuration>
			<script>${nameNode}/user/maria_dev/CS_OOZIE_FILES/create_external_cust.hive</script>
		</hive>
		<ok to = "hive-node-time" />
		<error to = "fail" />
	</action>

<action name="hive-node-time">
	 <hive xmlns = "uri:oozie:hive-action:0.4">
			<job-tracker>${jobTracker}</job-tracker>
			<name-node>${nameNode}</name-node>
			 <configuration>
				<property>
					<name>mapred.job.queue.name</name>
					<value>${queueName}</value>
				</property>
		</configuration>
			<script>${nameNode}/user/maria_dev/CS_OOZIE_FILES/create_external_time.hive</script>
		</hive>
		<ok to = "Internal-Table-branch" />
		<error to = "fail" />
	</action>
<!--Hive Tables-->
	<action name="Internal-Table-branch">
	<hive xmlns = "uri:oozie:hive-action:0.4">
	<job-tracker>${jobTracker}</job-tracker>
			<name-node>${nameNode}</name-node>
			 <configuration>
				<property>
					<name>mapred.job.queue.name</name>
					<value>${queueName}</value>
				</property>
		</configuration>
 <script>${nameNode}/user/maria_dev/CS_OOZIE_FILES/create_internal_branch.hql</script>
		</hive>
		<ok to = "Internal-Table-creditcard" />
		<error to = "fail" />
	</action>
<!-- credit-->
<action name="Internal-Table-creditcard">
	<hive xmlns = "uri:oozie:hive-action:0.4">
	<job-tracker>${jobTracker}</job-tracker>
			<name-node>${nameNode}</name-node>
			 <configuration>
				<property>
					<name>mapred.job.queue.name</name>
					<value>${queueName}</value>
				</property>
		</configuration>
 <script>${nameNode}/user/maria_dev/CS_OOZIE_FILES/create_internal_creditcard.hql</script>
		</hive>
		<ok to = "Internal-Table-cust" />
		<error to = "fail" />
	</action>
<!--CUST-->
<action name="Internal-Table-cust">
	<hive xmlns = "uri:oozie:hive-action:0.4">
	<job-tracker>${jobTracker}</job-tracker>
			<name-node>${nameNode}</name-node>
			 <configuration>
				<property>
					<name>mapred.job.queue.name</name>
					<value>${queueName}</value>
				</property>
		</configuration>
 <script>${nameNode}/user/maria_dev/CS_OOZIE_FILES/create_internal_cust.hql</script>
		</hive>
		<ok to = "Internal-Table-time" />
		<error to = "fail" />
	</action>
<!--Time Table-->
<action name="Internal-Table-time">
	<hive xmlns = "uri:oozie:hive-action:0.4">
	<job-tracker>${jobTracker}</job-tracker>
			<name-node>${nameNode}</name-node>
			 <configuration>
				<property>
					<name>mapred.job.queue.name</name>
					<value>${queueName}</value>
				</property>
		</configuration>
 <script>${nameNode}/user/maria_dev/CS_OOZIE_FILES/create_internal_time.hql</script>
		</hive>
		<ok to = "end" />
		<error to = "fail" />
	</action>
<!--END-->

	 <kill name="fail">
 <message>Sqoop failed, error message[${wf:errorMessage(wf:lastErrorNode())}]
 </message>
 </kill>
 <end name="end"/>
</workflow-app>
